{
  "_generated": "Generated by SweetTooth, do not edit", 
  "description": "Adds a Blank Screen option, to turn the screen off, to the User Menu(aka status menu). Also works from, and doesn't close, the Activites Overview. Useful if you have a long lock time set and/or just want to turn the screen off without locking it. Credit to xtranophilist.", 
  "name": "Blank Screen", 
  "shell-version": [
    "3.2", 
    "3.2.0", 
    "3.2.1",
    "3.4",
    "3.5.4",
    "3.6"
  ], 
  "original-author": "l300lvl", 
  "url": "https://github.com/l300lvl/Blank-Screen-Extension", 
  "uuid": "blank-screen@l300lvl.co.nr", 
  "version": 4
}
